{"loss": [28.70680046081543, 1.585344910621643, 0.9352142810821533, 1.343989372253418, 0.7500744462013245, 1.564841389656067, 2.6775174140930176, 3.2081334590911865, 3.5738673210144043, 3.4192256927490234, 4.461769104003906, 7.95600700378418, 8.42098617553711, 8.071673393249512, 6.314031600952148, 4.560655117034912, 7.467989921569824, 4.16322135925293, 2.794235944747925, 2.1776959896087646, 2.9316205978393555, 4.746176719665527, 4.645556449890137, 3.8230693340301514, 5.652369022369385, 8.880867004394531, 8.807422637939453, 9.09392261505127, 6.619023323059082, 5.740400314331055, 14.613245010375977, 10.419729232788086, 8.838027000427246, 4.1154680252075195, 4.472424030303955, 3.8709053993225098, 3.516084671020508, 2.6592788696289062, 2.180713415145874, 3.0171444416046143, 4.523866176605225, 7.360620498657227, 3.7176873683929443, 3.6719884872436523, 3.3393890857696533, 3.8595902919769287, 17.062999725341797, 14.450542449951172, 5.394932270050049, 3.2971622943878174, 4.610714435577393, 3.343672752380371, 4.862091064453125, 3.797499656677246, 3.412642478942871, 3.793102741241455, 4.190227031707764, 3.6861629486083984, 3.9469878673553467, 3.012146472930908, 3.028773784637451, 4.612966537475586, 10.120048522949219, 11.055220603942871, 7.017803192138672, 6.033860683441162, 3.622663736343384, 4.376812934875488, 11.535682678222656, 8.168910026550293, 6.420348167419434, 5.069716453552246, 6.390177249908447, 6.368010520935059, 8.31286334991455, 5.874202251434326, 3.425083637237549, 3.78704833984375, 3.4598073959350586, 2.491095781326294, 2.290774345397949, 2.451782464981079, 4.096978187561035, 3.6745686531066895, 4.637363433837891, 8.501036643981934, 20.83678436279297, 11.20518970489502, 7.875725269317627, 6.535014629364014, 5.187218189239502, 4.732290267944336, 5.0835466384887695, 3.7883830070495605, 4.707301616668701, 3.468461513519287, 3.023010730743408, 2.8754985332489014, 3.700685501098633, 2.0298545360565186], "mean_absolute_error": [3.5291993618011475, 0.9292466044425964, 0.7248183488845825, 0.8892149925231934, 0.6505830883979797, 0.8700433373451233, 1.0800803899765015, 1.2711070775985718, 1.4084924459457397, 1.3927503824234009, 1.5827827453613281, 2.152270793914795, 2.200880527496338, 2.1774117946624756, 1.8685276508331299, 1.5623936653137207, 1.9886783361434937, 1.508782148361206, 1.262378215789795, 1.1114840507507324, 1.297737956047058, 1.6641111373901367, 1.525707721710205, 1.4430878162384033, 1.7901815176010132, 2.2984731197357178, 2.2695913314819336, 2.340895175933838, 1.9976634979248047, 1.8493200540542603, 2.8687191009521484, 2.319371223449707, 2.1843247413635254, 1.4222581386566162, 1.5379656553268433, 1.4670414924621582, 1.4029844999313354, 1.1703064441680908, 1.1092629432678223, 1.250086784362793, 1.596317172050476, 1.9887639284133911, 1.4696916341781616, 1.4695236682891846, 1.3836688995361328, 1.448435664176941, 2.8617422580718994, 2.608508825302124, 1.7021251916885376, 1.363585114479065, 1.6031718254089355, 1.3971099853515625, 1.6874189376831055, 1.4898831844329834, 1.3416845798492432, 1.3454852104187012, 1.4181452989578247, 1.3563481569290161, 1.4696599245071411, 1.3201099634170532, 1.339035153388977, 1.6616686582565308, 2.4065206050872803, 2.5506534576416016, 1.9918292760849, 1.8145389556884766, 1.455155849456787, 1.620513916015625, 2.633420467376709, 2.1433887481689453, 1.9159644842147827, 1.7356207370758057, 1.9176690578460693, 1.8365898132324219, 1.9149012565612793, 1.7279161214828491, 1.3870303630828857, 1.4696863889694214, 1.4139822721481323, 1.1884434223175049, 1.1703214645385742, 1.1851378679275513, 1.5365066528320312, 1.4631940126419067, 1.6265724897384644, 2.207324266433716, 3.3638079166412354, 2.445761203765869, 2.118854522705078, 1.860427737236023, 1.7326349020004272, 1.6437650918960571, 1.5813789367675781, 1.3900434970855713, 1.5531423091888428, 1.3367295265197754, 1.2512248754501343, 1.2150764465332031, 1.3765554428100586, 1.0702366828918457], "mean_euclidean_error": [7.016592979431152, 1.8789525032043457, 1.4665766954421997, 1.7964470386505127, 1.3153746128082275, 1.8138267993927002, 2.3476905822753906, 2.6183066368103027, 2.830376148223877, 2.7974700927734375, 3.093726396560669, 4.21494722366333, 4.346921443939209, 4.292262077331543, 3.766676902770996, 3.168398380279541, 4.099070072174072, 3.0350329875946045, 2.5417158603668213, 2.2452163696289062, 2.591573476791382, 3.3162848949432373, 3.1775190830230713, 2.965954303741455, 3.6247870922088623, 4.516712188720703, 4.4492669105529785, 4.597286224365234, 3.935512065887451, 3.652963638305664, 5.8434624671936035, 4.877651214599609, 4.4838948249816895, 2.9166970252990723, 3.1948094367980957, 2.9536168575286865, 2.869164228439331, 2.4049482345581055, 2.2629613876342773, 2.5450735092163086, 3.1967318058013916, 4.041440963745117, 2.9035181999206543, 2.900836229324341, 2.765028238296509, 2.9667739868164062, 6.091061115264893, 5.581775665283203, 3.4695370197296143, 2.740687370300293, 3.2486557960510254, 2.794299602508545, 3.4065942764282227, 2.9814791679382324, 2.801459550857544, 2.8543848991394043, 2.996082067489624, 2.8154397010803223, 2.9112510681152344, 2.5767617225646973, 2.650960683822632, 3.290497064590454, 4.89243745803833, 5.103610038757324, 4.0075836181640625, 3.6799850463867188, 2.908029317855835, 3.179100513458252, 5.138244152069092, 4.2400994300842285, 3.7800111770629883, 3.4343044757843018, 3.834099292755127, 3.756632089614868, 4.09940767288208, 3.603017807006836, 2.791477918624878, 2.9179465770721436, 2.7818658351898193, 2.3883321285247803, 2.287686586380005, 2.349243402481079, 3.094893217086792, 2.922431468963623, 3.219961166381836, 4.3653154373168945, 6.961578369140625, 5.058993339538574, 4.276187419891357, 3.799257278442383, 3.4557790756225586, 3.3382468223571777, 3.3240771293640137, 2.8857295513153076, 3.2084875106811523, 2.760702133178711, 2.5967583656311035, 2.522705554962158, 2.854172945022583, 2.1549434661865234], "val_loss": [2.472949743270874, 1.3237800598144531, 1.2243088483810425, 1.4959523677825928, 0.9488341808319092, 5.745639801025391, 2.0585718154907227, 6.725697040557861, 3.288750410079956, 2.2831475734710693, 5.6358160972595215, 12.120673179626465, 4.4507246017456055, 13.476507186889648, 8.39423656463623, 3.255462408065796, 4.680136203765869, 2.633727550506592, 2.9851126670837402, 2.278468608856201, 4.106268882751465, 3.2870614528656006, 4.891762733459473, 4.242369174957275, 5.1689982414245605, 10.569252967834473, 11.410384178161621, 5.457460880279541, 3.4267070293426514, 4.461312294006348, 8.487130165100098, 7.436262607574463, 5.97395133972168, 4.029818058013916, 2.3806650638580322, 2.7987453937530518, 10.72728443145752, 2.982085943222046, 3.0806238651275635, 3.1287882328033447, 6.5550031661987305, 3.9811737537384033, 7.103289604187012, 3.1959168910980225, 3.8078243732452393, 4.896244049072266, 14.164961814880371, 6.130890846252441, 3.892582416534424, 3.3124334812164307, 3.0953009128570557, 5.2101359367370605, 5.0952067375183105, 4.612364768981934, 2.8766651153564453, 3.9059135913848877, 2.5182535648345947, 5.059183120727539, 4.048617839813232, 2.579490900039673, 2.4690048694610596, 3.985405445098877, 12.627294540405273, 11.917217254638672, 4.848784446716309, 4.02432918548584, 7.15507698059082, 4.298030376434326, 10.53882884979248, 4.984480381011963, 5.246541976928711, 7.613757610321045, 4.387152671813965, 7.138210773468018, 5.06548547744751, 4.167081356048584, 3.447340250015259, 4.592067718505859, 3.220000982284546, 2.766343593597412, 2.026388168334961, 3.1691136360168457, 4.130382061004639, 2.7447738647460938, 3.639803886413574, 8.443593978881836, 12.347451210021973, 10.27951717376709, 9.460710525512695, 3.3424770832061768, 4.34708309173584, 3.9328038692474365, 2.2969257831573486, 4.366940021514893, 3.097701072692871, 4.563853740692139, 3.232684850692749, 1.6189072132110596, 2.5123372077941895, 2.256640911102295],