{"loss": [18.6317138671875, 2.5494086742401123, 1.3815726041793823, 0.9925865530967712, 0.7823958396911621, 0.6367227435112, 0.5421854853630066, 0.46140122413635254, 0.4034006893634796, 0.3828514516353607, 0.32236477732658386, 0.3364619314670563, 0.32080021500587463, 0.26614993810653687, 0.23311738669872284, 0.23162886500358582, 0.21448825299739838, 0.18972784280776978, 0.18688060343265533, 0.15628193318843842, 0.15515124797821045, 0.15713518857955933, 0.1397790014743805, 0.1445755511522293, 0.13715457916259766, 0.11441514641046524, 0.12198241800069809, 0.11863753199577332, 0.1091223955154419, 0.1079578548669815, 0.10133031010627747, 0.10145316272974014, 0.0863027349114418, 0.08790257573127747, 0.07846174389123917, 0.08479961007833481, 0.07587990909814835, 0.08649152517318726, 0.07150822877883911, 0.058185309171676636, 0.05805978551506996, 0.08224008977413177, 0.05538160726428032, 0.053174469619989395, 0.0507507249712944, 0.05997144803404808, 0.05945262312889099, 0.04917547479271889, 0.04814797639846802, 0.058230459690093994, 0.04628879576921463, 0.042008090764284134, 0.03760876879096031, 0.03291414678096771, 0.045120563358068466, 0.03908770531415939, 0.03196332976222038, 0.0325406938791275, 0.04500749334692955, 0.03616586700081825, 0.03456035628914833, 0.03745773807168007, 0.035659097135066986, 0.036455392837524414, 0.0682835802435875, 0.03924260288476944, 0.033008381724357605, 0.07158974558115005, 0.05033637210726738, 0.02541283890604973, 0.0231971126049757, 0.02610359527170658, 0.021945349872112274, 0.030872929841279984, 0.03420479595661163, 0.03526937589049339, 0.04099351912736893, 0.0398932546377182, 0.03891071304678917, 0.034426964819431305, 0.024944964796304703, 0.03411713242530823, 0.021391060203313828, 0.03190874308347702, 0.04224381595849991, 0.025157498195767403, 0.028981612995266914, 0.03446212410926819, 0.04800286516547203, 0.03929734602570534, 0.0350010059773922, 0.028484387323260307, 0.03679240494966507, 0.049726396799087524, 0.06893282383680344, 0.022926876321434975, 0.02108023874461651, 0.030229542404413223, 0.03386837989091873, 0.036852527409791946], "mean_absolute_error": [2.9297046661376953, 0.9998030662536621, 0.7251965999603271, 0.6038885712623596, 0.5297773480415344, 0.4823991060256958, 0.4412343502044678, 0.41170600056648254, 0.3841352164745331, 0.3809565603733063, 0.3428775370121002, 0.3546457290649414, 0.3451032340526581, 0.32521265745162964, 0.3040820360183716, 0.300913006067276, 0.28969839215278625, 0.27043598890304565, 0.25957995653152466, 0.24707187712192535, 0.24482093751430511, 0.26137033104896545, 0.2358006238937378, 0.2417316883802414, 0.2442418783903122, 0.2157640904188156, 0.22543562948703766, 0.22157341241836548, 0.21161909401416779, 0.21010494232177734, 0.20540708303451538, 0.21118223667144775, 0.18550726771354675, 0.18653357028961182, 0.18131712079048157, 0.19105637073516846, 0.18707017600536346, 0.19965873658657074, 0.18246828019618988, 0.1565866619348526, 0.1631489098072052, 0.19415408372879028, 0.1551159918308258, 0.15299604833126068, 0.15256467461585999, 0.1703050136566162, 0.17399674654006958, 0.15643775463104248, 0.1531071662902832, 0.16354474425315857, 0.14756447076797485, 0.1394544541835785, 0.1350622922182083, 0.12785208225250244, 0.14467133581638336, 0.13802920281887054, 0.1240864172577858, 0.13065892457962036, 0.15499372780323029, 0.14285391569137573, 0.13763083517551422, 0.14541172981262207, 0.14537496864795685, 0.14859414100646973, 0.19651201367378235, 0.14971069991588593, 0.1311797946691513, 0.20008081197738647, 0.16272427141666412, 0.11242059618234634, 0.11419982463121414, 0.1219647005200386, 0.11051296442747116, 0.13297529518604279, 0.1423741728067398, 0.14641091227531433, 0.15734045207500458, 0.1522684544324875, 0.15712308883666992, 0.14707936346530914, 0.12324675172567368, 0.14656338095664978, 0.1118890568614006, 0.1385357677936554, 0.15935243666172028, 0.12412018328905106, 0.13286082446575165, 0.1372254639863968, 0.16715781390666962, 0.14903582632541656, 0.14411236345767975, 0.13145869970321655, 0.13953226804733276, 0.17638297379016876, 0.18836483359336853, 0.11595947295427322, 0.11024811118841171, 0.1282479465007782, 0.13600648939609528, 0.14096079766750336], "mean_euclidean_error": [6.032437801361084, 2.1655712127685547, 1.5494173765182495, 1.2925876379013062, 1.147780418395996, 1.0352915525436401, 0.9537488222122192, 0.8846702575683594, 0.8329417705535889, 0.8285287618637085, 0.7440636157989502, 0.7790700197219849, 0.7680639624595642, 0.7022605538368225, 0.6496452689170837, 0.6594976782798767, 0.6327199935913086, 0.5886676907539368, 0.5748022198677063, 0.5383923053741455, 0.5323843359947205, 0.5594069361686707, 0.5086857676506042, 0.5262652635574341, 0.5249717831611633, 0.46895766258239746, 0.4953535795211792, 0.48337963223457336, 0.46376922726631165, 0.4623272716999054, 0.4514826536178589, 0.4577551484107971, 0.40279915928840637, 0.41919371485710144, 0.3993767201900482, 0.42318984866142273, 0.4015471339225769, 0.4296378791332245, 0.39103570580482483, 0.3392663300037384, 0.3494437336921692, 0.4301798343658447, 0.3401525616645813, 0.33465713262557983, 0.3279346823692322, 0.366102010011673, 0.3712806701660156, 0.3323875069618225, 0.3273864686489105, 0.35607239603996277, 0.3146492540836334, 0.3018447458744049, 0.2887391746044159, 0.2696961462497711, 0.3154754042625427, 0.2959275543689728, 0.2661912143230438, 0.2731555104255676, 0.32706329226493835, 0.2946305274963379, 0.2841784954071045, 0.29910415410995483, 0.29546380043029785, 0.30081868171691895, 0.40783604979515076, 0.30673158168792725, 0.27341797947883606, 0.4223494529724121, 0.3486720025539398, 0.24136114120483398, 0.2354505956172943, 0.25160783529281616, 0.23003527522087097, 0.2722679376602173, 0.28784534335136414, 0.29386261105537415, 0.3188728094100952, 0.3091318607330322, 0.31494468450546265, 0.2933953106403351, 0.24733786284923553, 0.2878875136375427, 0.22686165571212769, 0.27967119216918945, 0.3229674696922302, 0.25083640217781067, 0.26781147718429565, 0.2880227863788605, 0.34001651406288147, 0.3085569739341736, 0.29728221893310547, 0.26606684923171997, 0.291128009557724, 0.3518645763397217, 0.3995632529258728, 0.2360723614692688, 0.22511278092861176, 0.2697436213493347, 0.28137096762657166, 0.29994162917137146],