{"loss": [82.51832580566406, 43.75255584716797, 42.021697998046875, 40.59058380126953, 40.888832092285156, 39.88564682006836, 41.809364318847656, 42.011112213134766, 41.04191207885742, 41.22649383544922, 41.3869514465332, 40.86145782470703, 40.24552917480469, 40.4992561340332, 40.69496154785156, 42.78886795043945, 40.683738708496094, 39.393035888671875, 33.67780685424805, 50.06731033325195, 37.706172943115234, 28.475332260131836, 20.93416404724121, 21.1843318939209, 15.128686904907227, 7.466699123382568, 4.254271030426025, 2.7726547718048096, 1.8524523973464966, 1.6131367683410645, 1.3904989957809448, 1.3466312885284424, 1.1107479333877563, 0.9660595059394836, 0.8857536911964417, 0.7977521419525146, 0.7211127877235413, 0.6930161118507385, 0.6907086968421936, 0.6663188338279724, 0.6779560446739197, 0.5814586281776428, 0.5468419194221497, 0.5484074950218201, 0.5070654153823853, 0.5074917078018188, 0.5421536564826965, 0.540858268737793, 0.4561973810195923, 0.40496963262557983, 0.4105321168899536, 0.42131274938583374, 0.4237331449985504, 0.3967113494873047, 0.36294710636138916, 0.3124181926250458, 0.32979172468185425, 0.30033740401268005, 0.31928542256355286, 0.32770058512687683, 0.30495455861091614, 0.29670044779777527, 0.26902422308921814, 0.27872174978256226, 0.35098475217819214, 0.3595135807991028, 0.28149089217185974, 0.2796730697154999, 0.2491912841796875, 0.2603019177913666, 0.24810607731342316, 0.2007068246603012, 0.20612236857414246, 0.20287732779979706, 0.1902168244123459, 0.1888042688369751, 0.2279796600341797, 0.23146522045135498, 0.18811465799808502, 0.15247172117233276, 0.15351654589176178, 0.17183151841163635, 0.1966446191072464, 0.1745072901248932, 0.17648573219776154, 0.17748865485191345, 0.21030838787555695, 0.2157333791255951, 0.19972579181194305, 0.16620509326457977, 0.13347814977169037, 0.14816008508205414, 0.13217326998710632, 0.11520934849977493, 0.1437717229127884, 0.15085996687412262, 0.12047051638364792, 0.10761480778455734, 0.1058024913072586, 0.10986875742673874], "mean_absolute_error": [7.3916754722595215, 5.3369622230529785, 5.187886714935303, 5.056741714477539, 5.090246677398682, 5.006173610687256, 5.216169834136963, 5.2735981941223145, 5.1195244789123535, 5.097810745239258, 5.154377460479736, 5.087604522705078, 5.064714431762695, 5.0878095626831055, 5.110252857208252, 5.31853723526001, 5.102818965911865, 5.000115871429443, 4.578874588012695, 5.627692222595215, 4.996105670928955, 4.098722457885742, 3.4254941940307617, 3.6465349197387695, 3.1452505588531494, 2.095086097717285, 1.6081690788269043, 1.2638087272644043, 0.9926425814628601, 0.9270802736282349, 0.8589233756065369, 0.8457860350608826, 0.7677891850471497, 0.6909553408622742, 0.6357808113098145, 0.6050076484680176, 0.5792560577392578, 0.5715603232383728, 0.5711409449577332, 0.5677226781845093, 0.591181755065918, 0.5151754021644592, 0.5053197145462036, 0.49875086545944214, 0.49067315459251404, 0.49060845375061035, 0.5082781314849854, 0.510445237159729, 0.45589980483055115, 0.4215596318244934, 0.428814172744751, 0.44627609848976135, 0.4607938230037689, 0.4328165054321289, 0.3861806392669678, 0.3533763587474823, 0.3698580265045166, 0.36154645681381226, 0.37568703293800354, 0.38475462794303894, 0.3780219554901123, 0.3579878807067871, 0.3552555739879608, 0.3540407717227936, 0.394864022731781, 0.3972487449645996, 0.36485615372657776, 0.37224647402763367, 0.3377484977245331, 0.334642231464386, 0.33022987842559814, 0.28813034296035767, 0.29905903339385986, 0.30810418725013733, 0.2847638726234436, 0.30155500769615173, 0.30934420228004456, 0.3231668174266815, 0.29618868231773376, 0.2547510862350464, 0.2608606815338135, 0.28280743956565857, 0.313266783952713, 0.2840214669704437, 0.2939067482948303, 0.2874201536178589, 0.3443984091281891, 0.33704906702041626, 0.3172176778316498, 0.2878352999687195, 0.2452266365289688, 0.27230459451675415, 0.238108828663826, 0.23059631884098053, 0.25197359919548035, 0.27027803659439087, 0.24771608412265778, 0.21878893673419952, 0.22637087106704712, 0.22938960790634155], "mean_euclidean_error": [14.90730094909668, 10.919876098632812, 10.697392463684082, 10.47989559173584, 10.521822929382324, 10.402155876159668, 10.624285697937012, 10.737414360046387, 10.568892478942871, 10.56955623626709, 10.565966606140137, 10.522979736328125, 10.467695236206055, 10.469536781311035, 10.503053665161133, 10.815422058105469, 10.520380020141602, 10.35830307006836, 9.39108657836914, 11.362970352172852, 10.02497386932373, 8.28911018371582, 6.95721435546875, 7.195016860961914, 6.215956687927246, 4.29420280456543, 3.2447011470794678, 2.57694411277771, 2.071850061416626, 1.9409927129745483, 1.801984429359436, 1.7745466232299805, 1.603736162185669, 1.4750195741653442, 1.38472580909729, 1.309220552444458, 1.2419533729553223, 1.2311910390853882, 1.2420061826705933, 1.2175549268722534, 1.241870641708374, 1.111494779586792, 1.0996252298355103, 1.0720138549804688, 1.0481715202331543, 1.0536353588104248, 1.0923798084259033, 1.098845362663269, 0.9843584895133972, 0.9160297513008118, 0.9280136823654175, 0.9535833597183228, 0.9663137793540955, 0.9316022396087646, 0.8590966463088989, 0.7820783257484436, 0.8110109567642212, 0.7880433797836304, 0.8137651085853577, 0.8238287568092346, 0.8176307082176208, 0.768567681312561, 0.7611978650093079, 0.7525137066841125, 0.8505769968032837, 0.8585271835327148, 0.7850580811500549, 0.7791352868080139, 0.7270702719688416, 0.7331942319869995, 0.7218546867370605, 0.6227625012397766, 0.6414140462875366, 0.6587516665458679, 0.6221727728843689, 0.6331774592399597, 0.6734441518783569, 0.695013701915741, 0.6269040703773499, 0.5433759689331055, 0.5584644079208374, 0.5971356630325317, 0.6526373028755188, 0.6016759276390076, 0.6163276433944702, 0.6078696250915527, 0.7032920718193054, 0.7002542614936829, 0.6586437821388245, 0.6062538623809814, 0.5245213508605957, 0.5649587512016296, 0.5120542645454407, 0.4875916838645935, 0.5485342144966125, 0.5746182203292847, 0.5130691528320312, 0.45919159054756165, 0.4728219211101532, 0.480393648147583],