{"loss": [275.3352355957031, 143.30963134765625, 74.86659240722656, 46.16777038574219, 41.931209564208984, 41.35106658935547, 40.83936309814453, 40.06172180175781, 40.0712776184082, 40.00497055053711, 40.11466979980469, 39.90520477294922, 39.93280029296875, 39.962608337402344, 39.892547607421875, 39.999855041503906, 40.04982376098633, 40.25344467163086, 39.97236633300781, 40.35783004760742, 40.086612701416016, 39.85600662231445, 39.9965705871582, 39.827362060546875, 40.009613037109375, 40.19214630126953, 40.355552673339844, 40.15319061279297, 40.22286605834961, 40.65964889526367, 40.480804443359375, 40.01410675048828, 39.85904312133789, 39.726993560791016, 40.253684997558594, 40.63735580444336, 39.80036163330078, 40.114715576171875, 39.64231872558594, 40.48139190673828, 40.094520568847656, 39.868255615234375, 39.96712875366211, 39.93684387207031, 39.65192413330078, 40.17708206176758, 40.0635986328125, 39.84378433227539, 39.92146301269531, 40.066349029541016, 39.71464920043945, 39.87382888793945, 39.958343505859375, 40.16585922241211, 40.1992073059082, 39.988250732421875, 40.07189178466797, 40.4404411315918, 40.57246398925781, 40.637508392333984, 40.1500358581543, 40.26664352416992, 40.12118911743164, 40.010005950927734, 40.362056732177734, 39.89377975463867, 39.95952606201172, 40.207340240478516, 39.914459228515625, 39.95103454589844, 40.262054443359375, 39.80641555786133, 39.85380172729492, 40.00014114379883, 39.98190689086914, 39.95769500732422, 39.891693115234375, 39.852508544921875, 39.820438385009766, 39.89958953857422, 40.334041595458984, 40.22080993652344, 40.087032318115234, 39.82217788696289, 39.94611740112305, 40.02396774291992, 39.77035903930664, 40.0046501159668, 39.91621017456055, 39.86985778808594, 39.90009307861328, 40.24009704589844, 40.81230926513672, 40.10974884033203, 39.80424118041992, 39.72207260131836, 40.152435302734375, 39.98091506958008, 39.66294479370117, 39.795772552490234], "mean_absolute_error": [12.428509712219238, 9.932785034179688, 7.329405307769775, 5.6456379890441895, 5.211202144622803, 5.141851902008057, 5.130110740661621, 5.02817964553833, 5.051369667053223, 5.023420333862305, 5.025910377502441, 5.007449150085449, 5.007823467254639, 5.00084114074707, 4.994473934173584, 5.012528419494629, 5.031435489654541, 5.030925750732422, 5.0126848220825195, 5.080455780029297, 5.0318450927734375, 4.994704723358154, 5.036097049713135, 5.009498596191406, 5.0070929527282715, 5.048629283905029, 5.0732340812683105, 5.047430038452148, 5.056334018707275, 5.104659557342529, 5.07389497756958, 5.033583641052246, 5.009894371032715, 4.996612071990967, 5.054471015930176, 5.098442554473877, 5.007181167602539, 5.023797035217285, 4.9845967292785645, 5.057644844055176, 5.044564247131348, 5.010751247406006, 5.016916275024414, 5.002792835235596, 4.985118865966797, 5.061365604400635, 5.005462169647217, 5.001120567321777, 5.01243782043457, 5.019316673278809, 4.979306697845459, 5.009119033813477, 5.017796993255615, 5.026308059692383, 5.046228885650635, 5.021890163421631, 5.018095970153809, 5.077392578125, 5.096609115600586, 5.098267555236816, 5.046584129333496, 5.060794353485107, 5.031432151794434, 5.0131516456604, 5.033857345581055, 5.011815071105957, 5.013267517089844, 5.025796413421631, 5.018557548522949, 5.013286590576172, 5.038675785064697, 5.009613513946533, 5.00835657119751, 5.028280735015869, 5.014267444610596, 5.029105186462402, 5.00333833694458, 5.008895397186279, 5.007335186004639, 5.020833969116211, 5.014489650726318, 5.0381340980529785, 5.0363874435424805, 4.991199970245361, 5.015946865081787, 5.014549255371094, 4.987433433532715, 5.033207416534424, 5.0104193687438965, 5.006392002105713, 4.993053436279297, 5.0251336097717285, 5.057878494262695, 5.017349720001221, 5.010058879852295, 5.0004730224609375, 5.044435501098633, 5.034367084503174, 4.998472690582275, 5.00553560256958], "mean_euclidean_error": [25.653230667114258, 20.532442092895508, 14.640029907226562, 11.325087547302246, 10.741113662719727, 10.619587898254395, 10.51172924041748, 10.423523902893066, 10.421684265136719, 10.401599884033203, 10.431939125061035, 10.383099555969238, 10.399651527404785, 10.397680282592773, 10.393776893615723, 10.39561653137207, 10.433595657348633, 10.419534683227539, 10.389961242675781, 10.495498657226562, 10.400667190551758, 10.387187004089355, 10.41032600402832, 10.377022743225098, 10.402835845947266, 10.417994499206543, 10.461227416992188, 10.448001861572266, 10.43317699432373, 10.472065925598145, 10.503064155578613, 10.409968376159668, 10.373337745666504, 10.3808012008667, 10.440567016601562, 10.496773719787598, 10.371809005737305, 10.433462142944336, 10.363015174865723, 10.47327995300293, 10.429651260375977, 10.400384902954102, 10.385880470275879, 10.414090156555176, 10.354999542236328, 10.457398414611816, 10.416736602783203, 10.382877349853516, 10.390735626220703, 10.421623229980469, 10.361387252807617, 10.385875701904297, 10.38373851776123, 10.415083885192871, 10.457368850708008, 10.418517112731934, 10.4094820022583, 10.468926429748535, 10.483481407165527, 10.496959686279297, 10.440291404724121, 10.452801704406738, 10.448646545410156, 10.39622688293457, 10.452661514282227, 10.376260757446289, 10.418883323669434, 10.420273780822754, 10.393877983093262, 10.396364212036133, 10.448676109313965, 10.384294509887695, 10.388751029968262, 10.415756225585938, 10.392494201660156, 10.396297454833984, 10.404366493225098, 10.365887641906738, 10.366602897644043, 10.38481330871582, 10.449577331542969, 10.459295272827148, 10.399547576904297, 10.397690773010254, 10.391435623168945, 10.404731750488281, 10.398958206176758, 10.414634704589844, 10.355461120605469, 10.388517379760742, 10.386144638061523, 10.444931030273438, 10.523842811584473, 10.427083969116211, 10.362884521484375, 10.387754440307617, 10.425607681274414, 10.382113456726074, 10.378097534179688, 10.370244026184082], "val_loss": [159.4732208251953, 49.24432373046875, 64.98893737792969, 52.39918518066406, 48.89576721191406, 47.6748046875, 47.35273361206055, 46.68876266479492, 46.60544967651367, 45.73269271850586, 45.50535583496094, 45.80546188354492, 46.35126495361328, 45.35515213012695, 45.87501525878906, 46.05887222290039, 46.9455451965332, 45.61130905151367, 46.08959197998047, 45.98820877075195, 45.48649978637695, 45.71358871459961, 46.54322052001953, 45.56866455078125, 45.4364013671875, 47.43193435668945, 46.14429473876953, 45.86729049682617, 46.98891830444336, 46.02264404296875, 45.73026657104492, 45.67964172363281, 45.94099426269531, 46.349979400634766, 47.68449401855469, 45.89617919921875, 45.794673919677734, 45.59703826904297, 47.03105926513672, 46.2170524597168, 45.81374740600586, 46.25056838989258, 45.567298889160156, 45.60851287841797, 46.09720230102539, 45.75853729248047, 45.71671676635742, 46.13726806640625, 45.82648849487305, 45.652435302734375, 45.905006408691406, 46.02837371826172, 45.41910171508789, 46.163352966308594, 45.7525749206543, 46.2215690612793, 46.3306884765625, 47.82062911987305, 46.768245697021484, 45.704837799072266, 45.99357223510742, 46.10730743408203, 45.8268928527832, 45.492366790771484, 46.14916229248047, 45.447914123535156, 46.2225227355957, 45.94146728515625, 45.74071502685547, 46.19286346435547, 46.02506637573242, 46.099124908447266, 46.733131408691406, 46.380043029785156, 46.097171783447266, 46.33041000366211, 45.737457275390625, 45.80979919433594, 46.154869079589844, 45.74363708496094, 45.7745475769043, 48.18812942504883, 45.52250671386719, 45.92716598510742, 46.08458709716797, 45.46643829345703, 46.691192626953125, 46.11212158203125, 45.575923919677734, 45.8209342956543, 45.629127502441406, 46.15950393676758, 45.318843841552734, 46.106178283691406, 46.079341888427734, 45.799278259277344, 46.791622161865234, 45.85847473144531, 46.376834869384766, 45.6495475769043],