{"loss": [65.24661254882812, 26.63016128540039, 12.171064376831055, 6.761359214782715, 4.339165210723877, 2.876877546310425, 2.0159339904785156, 1.497813105583191, 1.2357580661773682, 1.1081080436706543, 0.9451417922973633, 0.7907670736312866, 0.7075150609016418, 0.6413722038269043, 0.5771585702896118, 0.5433195233345032, 0.5303865671157837, 0.475351482629776, 0.45572882890701294, 0.43725988268852234, 0.3765544593334198, 0.35199832916259766, 0.30401140451431274, 0.28609323501586914, 0.28936681151390076, 0.25077393651008606, 0.2221381962299347, 0.22365796566009521, 0.2324603945016861, 0.20650893449783325, 0.1910470426082611, 0.18233783543109894, 0.16409184038639069, 0.1587572544813156, 0.16175322234630585, 0.15386950969696045, 0.15281391143798828, 0.15484151244163513, 0.14275974035263062, 0.11644705384969711, 0.11325109004974365, 0.10555422306060791, 0.10303164273500443, 0.10526005923748016, 0.10054348409175873, 0.09049209952354431, 0.08984726667404175, 0.08844684809446335, 0.08322577178478241, 0.07942277193069458, 0.07987184822559357, 0.07703372836112976, 0.08776216208934784, 0.07253515720367432, 0.0734008178114891, 0.07219432294368744, 0.06429748237133026, 0.06771085411310196, 0.06102694198489189, 0.06257567554712296, 0.061753686517477036, 0.0637802705168724, 0.058974407613277435, 0.053943850100040436, 0.05554459989070892, 0.05105866491794586, 0.05060292035341263, 0.048715583980083466, 0.047830380499362946, 0.056828755885362625, 0.045958422124385834, 0.04468970000743866, 0.0454062819480896, 0.042680773884058, 0.04149068146944046, 0.04264148697257042, 0.03927859663963318, 0.043784018605947495, 0.0352809801697731, 0.034029070287942886, 0.039298467338085175, 0.04001955687999725, 0.037269189953804016, 0.038887541741132736, 0.03505019471049309, 0.033904753625392914, 0.035855282098054886, 0.030513759702444077, 0.029264412820339203, 0.03092067502439022, 0.03338060900568962, 0.035994112491607666, 0.03459559381008148, 0.033580005168914795, 0.02484174072742462, 0.02412499487400055, 0.026889674365520477, 0.024553455412387848, 0.024963583797216415, 0.02474944293498993], "mean_absolute_error": [6.282690048217773, 4.018893241882324, 2.7036666870117188, 1.9631991386413574, 1.5009615421295166, 1.1699347496032715, 0.9524672031402588, 0.8226378560066223, 0.7358501553535461, 0.6809790730476379, 0.6277751922607422, 0.5834445357322693, 0.5495096445083618, 0.5203718543052673, 0.5004163980484009, 0.4852968454360962, 0.4715329706668854, 0.45259013772010803, 0.4586910903453827, 0.4453389048576355, 0.4098857045173645, 0.3876514136791229, 0.36985352635383606, 0.353946715593338, 0.35545408725738525, 0.3336338996887207, 0.311837375164032, 0.31273481249809265, 0.3215760588645935, 0.3047197461128235, 0.28714555501937866, 0.28189438581466675, 0.2683505117893219, 0.26803210377693176, 0.26769736409187317, 0.2597205340862274, 0.2595057189464569, 0.2608748972415924, 0.25062426924705505, 0.22692470252513885, 0.23568280041217804, 0.22132721543312073, 0.21527338027954102, 0.2149958461523056, 0.20663957297801971, 0.2001410871744156, 0.20128057897090912, 0.20135967433452606, 0.1885431408882141, 0.1873548924922943, 0.1866304874420166, 0.18675653636455536, 0.19666136801242828, 0.17802992463111877, 0.18237024545669556, 0.1837291717529297, 0.1690104901790619, 0.17750783264636993, 0.1685146540403366, 0.1646639108657837, 0.16800197958946228, 0.17168086767196655, 0.17066003382205963, 0.16264128684997559, 0.15716497600078583, 0.15275418758392334, 0.1545335054397583, 0.14630253612995148, 0.1443556845188141, 0.1571195423603058, 0.14123089611530304, 0.14091482758522034, 0.1454511433839798, 0.14075177907943726, 0.13637380301952362, 0.13868696987628937, 0.13604162633419037, 0.14402535557746887, 0.12494264543056488, 0.12137572467327118, 0.128446564078331, 0.13738097250461578, 0.13814929127693176, 0.14098922908306122, 0.13397608697414398, 0.127546027302742, 0.1276206523180008, 0.1164790466427803, 0.11586173623800278, 0.11935070902109146, 0.12182533740997314, 0.12543560564517975, 0.12492746114730835, 0.12512241303920746, 0.10736662894487381, 0.10626981407403946, 0.10947835445404053, 0.10406657308340073, 0.10769464820623398, 0.10581960529088974], "mean_euclidean_error": [12.768665313720703, 8.102129936218262, 5.662127494812012, 4.029891490936279, 3.094231367111206, 2.4705259799957275, 2.0184578895568848, 1.7407699823379517, 1.5734151601791382, 1.4821499586105347, 1.3545866012573242, 1.25606369972229, 1.1859039068222046, 1.1300241947174072, 1.0798660516738892, 1.0498143434524536, 1.0254220962524414, 0.9840003252029419, 0.9846901893615723, 0.961885929107666, 0.8843029737472534, 0.8467390537261963, 0.7910930514335632, 0.7713167071342468, 0.7779424786567688, 0.7254937887191772, 0.6752099394798279, 0.67802894115448, 0.6989029049873352, 0.6514056921005249, 0.6265020370483398, 0.6201299428939819, 0.581974446773529, 0.580800473690033, 0.5853241086006165, 0.5716899633407593, 0.5721785426139832, 0.5720579624176025, 0.5421168208122253, 0.4845435917377472, 0.49434852600097656, 0.4696609675884247, 0.4680144488811493, 0.46752119064331055, 0.4489552676677704, 0.4300994873046875, 0.4295274615287781, 0.436628520488739, 0.4103621244430542, 0.401682049036026, 0.4031112790107727, 0.39878401160240173, 0.4296337068080902, 0.38425779342651367, 0.3934088945388794, 0.3900105357170105, 0.3605334460735321, 0.3765018880367279, 0.3569045066833496, 0.3575528562068939, 0.35761159658432007, 0.37019428610801697, 0.36041778326034546, 0.33771583437919617, 0.34106263518333435, 0.32544147968292236, 0.3280480206012726, 0.3155876696109772, 0.3122301995754242, 0.3487914800643921, 0.30760541558265686, 0.3042551875114441, 0.31062522530555725, 0.29732415080070496, 0.293019562959671, 0.3014509379863739, 0.28599950671195984, 0.30531221628189087, 0.2692660689353943, 0.26232779026031494, 0.2808614671230316, 0.29275214672088623, 0.28789153695106506, 0.2925088107585907, 0.2793268859386444, 0.2713378965854645, 0.27319368720054626, 0.24787575006484985, 0.2487986832857132, 0.2580275237560272, 0.2647366225719452, 0.2756098508834839, 0.2717815339565277, 0.27091190218925476, 0.22736087441444397, 0.22460822761058807, 0.23947641253471375, 0.22453802824020386, 0.23081831634044647, 0.2260189801454544],