{"loss": [89.55811309814453, 45.74843978881836, 35.070255279541016, 29.103511810302734, 26.35145378112793, 21.879121780395508, 19.573917388916016, 18.59899139404297, 16.78258514404297, 15.297015190124512, 15.947230339050293, 13.110207557678223, 12.309226989746094, 11.96489429473877, 11.261678695678711, 11.019017219543457, 10.656257629394531, 10.181073188781738, 10.96980094909668, 9.498478889465332, 9.472503662109375, 8.475627899169922, 7.978936195373535, 8.047618865966797, 7.70977783203125, 7.643112659454346, 8.156521797180176, 7.659696578979492, 6.6900200843811035, 6.769887447357178, 6.859427452087402, 6.6950788497924805, 6.307360649108887, 7.106053352355957, 6.377182960510254, 5.360738277435303, 5.152744770050049, 5.098132610321045, 5.096841335296631, 5.226325988769531, 5.9748358726501465, 5.350606441497803, 5.18781042098999, 5.232049942016602, 4.656576633453369, 4.200199127197266, 4.330883979797363, 4.749361991882324, 4.326756000518799, 3.985936164855957, 4.073409080505371, 3.935917854309082, 3.918576717376709, 3.948676109313965, 3.6299774646759033, 3.5636675357818604, 3.5760087966918945, 3.7264814376831055, 3.9646191596984863, 3.570537567138672, 3.464444875717163, 3.6602556705474854, 3.526172399520874, 3.208613872528076, 3.687600612640381, 3.114131212234497, 3.1506776809692383, 2.9934279918670654, 3.0745747089385986, 3.115752696990967, 3.4906935691833496, 2.9483304023742676, 3.05417799949646, 2.689812660217285, 2.685791492462158, 2.606461524963379, 2.497055768966675, 2.6449995040893555, 2.7964131832122803, 3.3318533897399902, 3.132174015045166, 2.9699478149414062, 2.6648871898651123, 2.5139708518981934, 2.5759782791137695, 2.2713522911071777, 2.310983419418335, 2.269697666168213, 2.3793516159057617, 2.4426662921905518, 2.3861377239227295, 2.6789257526397705, 2.3805654048919678, 2.2058045864105225, 2.5166499614715576, 2.0610764026641846, 2.336512804031372, 2.1158201694488525, 2.370987892150879, 2.7598536014556885], "mean_absolute_error": [7.705397605895996, 5.630179405212402, 4.799205780029297, 4.296236515045166, 4.053409576416016, 3.6073758602142334, 3.3620455265045166, 3.2828361988067627, 3.077303171157837, 2.922419309616089, 2.9986119270324707, 2.761786460876465, 2.631577730178833, 2.5875117778778076, 2.5091004371643066, 2.509650230407715, 2.4876322746276855, 2.4248046875, 2.4556257724761963, 2.2989354133605957, 2.3093674182891846, 2.14923095703125, 2.079197883605957, 2.0902109146118164, 2.0592458248138428, 2.006375312805176, 2.0924065113067627, 2.03186297416687, 1.8921021223068237, 1.881777048110962, 1.9065396785736084, 1.848172903060913, 1.8132842779159546, 1.9844521284103394, 1.8128304481506348, 1.636004090309143, 1.6295270919799805, 1.617773175239563, 1.6205649375915527, 1.6564106941223145, 1.7980953454971313, 1.6994366645812988, 1.609494686126709, 1.5831201076507568, 1.5061122179031372, 1.437740683555603, 1.4592928886413574, 1.5030368566513062, 1.4335031509399414, 1.3571912050247192, 1.3895922899246216, 1.4001985788345337, 1.378902554512024, 1.354811429977417, 1.2921003103256226, 1.3017271757125854, 1.2994108200073242, 1.3302353620529175, 1.4565982818603516, 1.3098164796829224, 1.2912065982818604, 1.3309574127197266, 1.2678040266036987, 1.239729404449463, 1.2719669342041016, 1.1902377605438232, 1.2193506956100464, 1.2370431423187256, 1.2514702081680298, 1.2490198612213135, 1.2534512281417847, 1.1767330169677734, 1.217736005783081, 1.1232541799545288, 1.0906202793121338, 1.064884901046753, 1.0333967208862305, 1.0931612253189087, 1.1243382692337036, 1.199205756187439, 1.1894863843917847, 1.1746776103973389, 1.1007640361785889, 1.0711511373519897, 1.0917558670043945, 0.9985001683235168, 1.0091549158096313, 0.9958251714706421, 1.0507436990737915, 1.096203088760376, 1.1004695892333984, 1.1269372701644897, 1.0495853424072266, 1.0423012971878052, 1.0708693265914917, 0.9639825224876404, 0.9937260746955872, 0.9509003162384033, 1.0441089868545532, 1.1258207559585571], "mean_euclidean_error": [15.161478042602539, 11.248552322387695, 9.72429370880127, 8.697440147399902, 8.269755363464355, 7.489804267883301, 6.953057289123535, 6.745540142059326, 6.362188816070557, 6.039144515991211, 6.186513423919678, 5.657470703125, 5.439312934875488, 5.3625383377075195, 5.187861919403076, 5.151533603668213, 5.0813775062561035, 5.0044846534729, 5.113490104675293, 4.751965045928955, 4.771537780761719, 4.453227996826172, 4.321640968322754, 4.328078269958496, 4.260404586791992, 4.197184085845947, 4.406391620635986, 4.2209343910217285, 3.945902109146118, 3.961315155029297, 4.007264614105225, 3.9361579418182373, 3.801029682159424, 4.13743782043457, 3.816333532333374, 3.4519550800323486, 3.4107303619384766, 3.3857271671295166, 3.3859221935272217, 3.446070432662964, 3.699047327041626, 3.5122570991516113, 3.37943696975708, 3.414769172668457, 3.2304201126098633, 3.0457873344421387, 3.0788519382476807, 3.233725070953369, 3.066793203353882, 2.9144163131713867, 2.969724655151367, 2.9314160346984863, 2.903472661972046, 2.888882875442505, 2.784818649291992, 2.761641025543213, 2.786778450012207, 2.824378252029419, 3.02048921585083, 2.787020206451416, 2.735856056213379, 2.8618693351745605, 2.751725196838379, 2.6289961338043213, 2.798835515975952, 2.5911686420440674, 2.5889267921447754, 2.5658395290374756, 2.6087989807128906, 2.6449787616729736, 2.7232844829559326, 2.5511045455932617, 2.58140230178833, 2.413463592529297, 2.3602793216705322, 2.32358717918396, 2.2531447410583496, 2.3826215267181396, 2.4643795490264893, 2.6706836223602295, 2.5959584712982178, 2.5044350624084473, 2.3639516830444336, 2.308675765991211, 2.319154977798462, 2.1603002548217773, 2.1719882488250732, 2.163966417312622, 2.2547836303710938, 2.3108906745910645, 2.284367084503174, 2.4013853073120117, 2.241425037384033, 2.1781976222991943, 2.2787649631500244, 2.0603137016296387, 2.1858677864074707, 2.0733721256256104, 2.2401304244995117, 2.4242403507232666], "val_loss": [59.72392654418945, 45.98392868041992, 33.733055114746094, 31.34149169921875, 26.940811157226562, 24.69466209411621, 21.942014694213867, 20.765077590942383, 20.499929428100586, 21.95148277282715, 16.088064193725586, 15.319345474243164, 14.1472806930542, 13.808782577514648, 13.468643188476562, 15.373443603515625, 12.483407020568848, 13.95157527923584, 12.428925514221191, 10.717074394226074, 10.2316255569458, 9.858481407165527, 9.465617179870605, 9.059165954589844, 9.006287574768066, 8.236948013305664, 9.748553276062012, 8.846052169799805, 7.73286771774292, 7.547787189483643, 9.432888984680176, 7.438791275024414, 9.147150993347168, 6.535965919494629, 7.0513691902160645, 6.4807233810424805, 6.40509033203125, 5.838066577911377, 6.861587047576904, 6.202175140380859, 7.871279716491699, 5.605901718139648, 6.40885591506958, 5.115495204925537, 5.562610626220703, 5.180354595184326, 4.796165466308594, 4.781796932220459, 4.690495014190674, 4.8774847984313965, 4.463411331176758, 4.8539628982543945, 4.423347473144531, 4.8536248207092285, 4.547801971435547, 4.096451759338379, 4.502019882202148, 4.587857246398926, 5.541372776031494, 3.8600573539733887, 5.779050350189209, 4.1694560050964355, 4.03391170501709, 4.594473838806152, 5.090588092803955, 3.7067368030548096, 4.159121990203857, 3.6342215538024902, 3.7766273021698, 4.514501571655273, 3.661492109298706, 5.396862983703613, 3.4890153408050537, 3.448446035385132, 3.87845778465271, 3.1048879623413086, 3.243950366973877, 3.083509683609009, 3.588991641998291, 4.332461833953857, 3.326169490814209, 3.5212953090667725, 3.022944450378418, 3.151305675506592, 3.0795750617980957, 3.0717713832855225, 3.525606870651245, 2.8580286502838135, 3.2975852489471436, 3.134131669998169, 2.88622784614563, 2.963582754135132, 3.0958189964294434, 3.3147709369659424, 2.884172201156616, 2.630406141281128, 2.7423877716064453, 2.9583849906921387, 2.9296910762786865, 3.2438645362854004],