{"loss": [82.2460708618164, 50.157352447509766, 33.93431854248047, 27.848251342773438, 23.223867416381836, 21.357196807861328, 18.71670150756836, 15.404701232910156, 14.335589408874512, 13.635418891906738, 12.744112014770508, 12.184318542480469, 11.785000801086426, 11.291136741638184, 9.924631118774414, 9.787449836730957, 9.3426513671875, 9.093026161193848, 9.792967796325684, 8.068424224853516, 7.826249599456787, 7.653165817260742, 7.181424140930176, 7.015665531158447, 6.820355415344238, 7.027029037475586, 6.879145622253418, 6.5854668617248535, 6.281174659729004, 6.123084545135498, 5.6072797775268555, 5.324370861053467, 5.038427352905273, 5.182480812072754, 4.87408447265625, 5.005366325378418, 4.568594455718994, 4.994218349456787, 4.298079967498779, 4.42137336730957, 4.1424455642700195, 4.151400566101074, 4.051276683807373, 3.961273431777954, 3.8795480728149414, 4.259701728820801, 3.9653611183166504, 3.90401029586792, 4.149016857147217, 4.145377159118652, 3.7470595836639404, 3.45918607711792, 3.356107234954834, 3.0837044715881348, 3.0152509212493896, 3.0042850971221924, 3.0427968502044678, 2.8652889728546143, 2.831475257873535, 2.7032313346862793, 2.612758159637451, 2.5980618000030518, 2.7493014335632324, 2.7407195568084717, 2.6059746742248535, 3.0647494792938232, 2.929579257965088, 2.629899501800537, 2.428868055343628, 2.6070265769958496, 2.4570069313049316, 2.2352607250213623, 2.4397103786468506, 2.1505661010742188, 2.2374472618103027, 2.451491594314575, 2.2824831008911133, 2.223414897918701, 2.206139087677002, 2.0485854148864746, 2.220883846282959, 2.2380077838897705, 2.1150362491607666, 2.223621129989624, 2.017129898071289, 2.0655405521392822, 2.4227936267852783, 2.021912097930908, 2.6156704425811768, 2.2011783123016357, 1.9205200672149658, 1.8311907052993774, 1.8931366205215454, 1.6838973760604858, 1.6955862045288086, 1.5768426656723022, 1.618147850036621, 1.8379788398742676, 1.7230873107910156, 1.6320067644119263], "mean_absolute_error": [7.487513065338135, 5.75678825378418, 4.682713985443115, 4.089798450469971, 3.657193183898926, 3.481844902038574, 3.233280658721924, 2.935454845428467, 2.82627534866333, 2.7205424308776855, 2.598496675491333, 2.54779314994812, 2.476121425628662, 2.424832820892334, 2.262171506881714, 2.2480838298797607, 2.223896026611328, 2.2099483013153076, 2.312563896179199, 2.0333800315856934, 1.9838958978652954, 1.9815053939819336, 1.8971229791641235, 1.8876938819885254, 1.8813858032226562, 1.904362440109253, 1.8893036842346191, 1.8442888259887695, 1.7868911027908325, 1.7875720262527466, 1.7038538455963135, 1.6105260848999023, 1.5510512590408325, 1.5863221883773804, 1.5269438028335571, 1.5460501909255981, 1.4775257110595703, 1.5230472087860107, 1.4326072931289673, 1.4391335248947144, 1.3953909873962402, 1.3970574140548706, 1.403019666671753, 1.3401317596435547, 1.3403594493865967, 1.4288357496261597, 1.38344144821167, 1.3683576583862305, 1.3892202377319336, 1.363649845123291, 1.3335590362548828, 1.3243510723114014, 1.2769606113433838, 1.2126662731170654, 1.2061926126480103, 1.1757965087890625, 1.1893094778060913, 1.1508243083953857, 1.145385503768921, 1.0942814350128174, 1.077494502067566, 1.0803240537643433, 1.140596628189087, 1.113822340965271, 1.0956671237945557, 1.211402177810669, 1.1558973789215088, 1.0856338739395142, 1.0654380321502686, 1.1394191980361938, 1.082252860069275, 1.006767988204956, 1.0818532705307007, 1.0038405656814575, 1.026867151260376, 1.0633643865585327, 1.0394247770309448, 1.032447099685669, 1.0097392797470093, 0.9589734673500061, 0.9703881144523621, 0.9759505391120911, 0.9722691774368286, 0.9936715364456177, 0.964909553527832, 0.953244686126709, 1.0591068267822266, 0.9764935970306396, 1.1260277032852173, 1.0234794616699219, 0.9494717121124268, 0.9260746836662292, 0.938097357749939, 0.8961019515991211, 0.8719938397407532, 0.8187354803085327, 0.8659734725952148, 0.9474853277206421, 0.8767168521881104, 0.8420852422714233], "mean_euclidean_error": [14.600872039794922, 11.679234504699707, 9.402179718017578, 8.403437614440918, 7.630325794219971, 7.2097907066345215, 6.687725067138672, 5.971585273742676, 5.814428806304932, 5.649768829345703, 5.41541051864624, 5.278021335601807, 5.145481109619141, 5.032525539398193, 4.716649532318115, 4.694684982299805, 4.60078239440918, 4.586604118347168, 4.758481502532959, 4.2148027420043945, 4.138259410858154, 4.129772663116455, 3.948939561843872, 3.9199016094207764, 3.8994789123535156, 3.963435649871826, 3.926903247833252, 3.813164710998535, 3.70426344871521, 3.6928257942199707, 3.506279706954956, 3.385366916656494, 3.257392406463623, 3.339146614074707, 3.2358648777008057, 3.2765414714813232, 3.112546443939209, 3.275644540786743, 3.0230469703674316, 3.041679859161377, 2.9556682109832764, 2.9685356616973877, 2.9218690395355225, 2.895134925842285, 2.867652177810669, 3.0854437351226807, 2.9041872024536133, 2.902939796447754, 2.9954471588134766, 2.9596312046051025, 2.8192038536071777, 2.7656590938568115, 2.6777329444885254, 2.566087245941162, 2.5462746620178223, 2.523956775665283, 2.5252740383148193, 2.466229200363159, 2.429755687713623, 2.3636136054992676, 2.3245670795440674, 2.323439359664917, 2.4414212703704834, 2.4113972187042236, 2.3594400882720947, 2.6138689517974854, 2.5123140811920166, 2.3537471294403076, 2.2531416416168213, 2.381974697113037, 2.2926223278045654, 2.1713812351226807, 2.295090913772583, 2.132324695587158, 2.181048631668091, 2.2806222438812256, 2.214355707168579, 2.1902949810028076, 2.1604297161102295, 2.070051431655884, 2.1276612281799316, 2.1431493759155273, 2.1300289630889893, 2.1779446601867676, 2.080095052719116, 2.072728157043457, 2.304252862930298, 2.0814082622528076, 2.393946409225464, 2.2151896953582764, 2.0235793590545654, 1.9788939952850342, 2.0219829082489014, 1.8906854391098022, 1.8673619031906128, 1.775769591331482, 1.8336690664291382, 2.0011274814605713, 1.8908385038375854, 1.8371355533599854], "val_loss": [68.3220443725586, 47.12303161621094, 37.38256072998047, 28.555665969848633, 23.654523849487305, 21.88792610168457, 19.21030044555664, 18.19361114501953, 16.882604598999023, 17.17869758605957, 14.808480262756348, 15.439574241638184, 16.52118492126465, 13.990659713745117, 12.523836135864258, 11.953826904296875, 11.121625900268555, 11.006269454956055, 11.208887100219727, 10.590555191040039, 9.314637184143066, 9.033528327941895, 8.996288299560547, 9.709332466125488, 9.415726661682129, 7.954046249389648, 8.865476608276367, 8.410216331481934, 7.036914348602295, 7.755740642547607, 7.2010579109191895, 6.4586029052734375, 7.263669490814209, 6.5951032638549805, 6.826117515563965, 6.131003379821777, 7.323539733886719, 6.091678142547607, 6.8672261238098145, 5.497148036956787, 5.8226165771484375, 5.077935218811035, 5.624831199645996, 4.8293633460998535, 7.5115742683410645, 4.8687920570373535, 5.336520195007324, 5.0129828453063965, 5.618082523345947, 6.3363494873046875, 4.775049209594727, 4.313004970550537, 4.437439918518066, 4.7212724685668945, 4.165659427642822, 4.027846813201904, 4.34384822845459, 3.8967912197113037, 4.072242259979248, 3.900414228439331, 3.9363529682159424, 3.9606058597564697, 3.7464065551757812, 3.795273542404175, 3.601663827896118, 4.462239742279053, 3.821399688720703, 3.5539944171905518, 4.073841094970703, 3.5685532093048096, 3.6459462642669678, 3.7461259365081787, 3.599799394607544, 4.189279079437256, 3.744173765182495, 3.326428174972534, 3.73610258102417, 3.6735739707946777, 3.213726043701172, 3.606280565261841, 3.153475046157837, 3.6475954055786133, 3.3865089416503906, 4.2488203048706055, 3.209266185760498, 4.3511247634887695, 3.2808189392089844, 4.231220722198486, 3.4730899333953857, 3.7771191596984863, 3.2644665241241455, 3.4155564308166504, 2.9960460662841797, 3.2888166904449463, 2.9588472843170166, 3.100321054458618, 3.241818428039551, 2.972562551498413, 3.1123836040496826, 3.0569446086883545],