{"loss": [59.318328857421875, 26.980892181396484, 13.466324806213379, 7.649487018585205, 4.8330864906311035, 3.068774938583374, 2.2418246269226074, 1.6503328084945679, 1.3546382188796997, 1.1022340059280396, 0.8630414605140686, 0.7762936949729919, 0.6594913005828857, 0.6268562078475952, 0.6825220584869385, 0.5920170545578003, 0.5687956809997559, 0.4596746563911438, 0.387310653924942, 0.3850972652435303, 0.3256220519542694, 0.30587515234947205, 0.29951485991477966, 0.2957592308521271, 0.29193001985549927, 0.2999933958053589, 0.2530554234981537, 0.22104424238204956, 0.20734663307666779, 0.19445140659809113, 0.19120778143405914, 0.1737499088048935, 0.18523697555065155, 0.16896754503250122, 0.15162308514118195, 0.14758162200450897, 0.14413245022296906, 0.1413644254207611, 0.13733705878257751, 0.14513157308101654, 0.14797915518283844, 0.12059564143419266, 0.12762293219566345, 0.1383984237909317, 0.11302197724580765, 0.10294447094202042, 0.09926784038543701, 0.10350526869297028, 0.10185827314853668, 0.09013598412275314, 0.09474217146635056, 0.08979084342718124, 0.08645692467689514, 0.08838651329278946, 0.08249392360448837, 0.09397386759519577, 0.10848402231931686, 0.0831264927983284, 0.07267115265130997, 0.07166685163974762, 0.08112689107656479, 0.08592468500137329, 0.08295079320669174, 0.06773217767477036, 0.06308598816394806, 0.06561000645160675, 0.06259212642908096, 0.06071300804615021, 0.06515733152627945, 0.061882615089416504, 0.05543801933526993, 0.06029302254319191, 0.053612787276506424, 0.06307040899991989, 0.06983969360589981, 0.06520982831716537, 0.0638292133808136, 0.05705748870968819, 0.05040483549237251, 0.048814110457897186, 0.04411618039011955, 0.04701928794384003, 0.05770327150821686, 0.05696442723274231, 0.054234590381383896, 0.04966852441430092, 0.04954157769680023, 0.04153210669755936, 0.038886770606040955, 0.03815458342432976, 0.04341118037700653, 0.03987138718366623, 0.03929738327860832, 0.03500153869390488, 0.03389320522546768, 0.035908620804548264, 0.03326196223497391, 0.03131583705544472, 0.03280700370669365, 0.029241198673844337], "mean_absolute_error": [6.187184810638428, 4.093660831451416, 2.830437660217285, 2.0619521141052246, 1.5895040035247803, 1.211763620376587, 0.9958832859992981, 0.8518992066383362, 0.7566423416137695, 0.6755298376083374, 0.591454029083252, 0.568337082862854, 0.5155117511749268, 0.5074247717857361, 0.5401189923286438, 0.5125432014465332, 0.4945242404937744, 0.4507124722003937, 0.4080072343349457, 0.3961810767650604, 0.3679710626602173, 0.3553094267845154, 0.35583722591400146, 0.3508107662200928, 0.35086560249328613, 0.35626518726348877, 0.3288072645664215, 0.30426448583602905, 0.2920182943344116, 0.2857425808906555, 0.287532240152359, 0.2705051004886627, 0.2804007828235626, 0.27611368894577026, 0.25468018651008606, 0.24714814126491547, 0.2452891618013382, 0.24538956582546234, 0.23954442143440247, 0.24275460839271545, 0.24807144701480865, 0.22171731293201447, 0.23152710497379303, 0.23690010607242584, 0.21424950659275055, 0.20590856671333313, 0.20036573708057404, 0.20906934142112732, 0.2055221050977707, 0.1920791119337082, 0.1944604367017746, 0.1913570910692215, 0.18967020511627197, 0.19403034448623657, 0.18343006074428558, 0.19657176733016968, 0.21192649006843567, 0.18394356966018677, 0.17223675549030304, 0.17497588694095612, 0.1888476312160492, 0.1809098869562149, 0.18390479683876038, 0.16565872728824615, 0.1585448682308197, 0.16315455734729767, 0.16073134541511536, 0.1580236256122589, 0.1670846790075302, 0.16036967933177948, 0.14678914844989777, 0.1560952365398407, 0.14503055810928345, 0.15900221467018127, 0.16316376626491547, 0.15770216286182404, 0.1589965522289276, 0.15538665652275085, 0.14808808267116547, 0.14692237973213196, 0.1365620642900467, 0.13993601500988007, 0.15221825242042542, 0.15617860853672028, 0.1484937071800232, 0.14160820841789246, 0.14359714090824127, 0.13503603637218475, 0.12737300992012024, 0.12503506243228912, 0.14360655844211578, 0.13297127187252045, 0.13591445982456207, 0.12219122797250748, 0.12149237841367722, 0.12310001999139786, 0.11848514527082443, 0.11251858621835709, 0.117012158036232, 0.10990571230649948], "mean_euclidean_error": [12.356490135192871, 8.136098861694336, 6.012573719024658, 4.201135635375977, 3.3302557468414307, 2.5434839725494385, 2.1142966747283936, 1.799685001373291, 1.6031535863876343, 1.439681887626648, 1.2678606510162354, 1.2178791761398315, 1.1040669679641724, 1.0892629623413086, 1.1829469203948975, 1.124243140220642, 1.0739102363586426, 0.967795729637146, 0.8684970736503601, 0.8618271350860596, 0.789354681968689, 0.7661221027374268, 0.7687979340553284, 0.7618725895881653, 0.7697175145149231, 0.7758997082710266, 0.7155114412307739, 0.6600385904312134, 0.6326252222061157, 0.6188185214996338, 0.6185111999511719, 0.5779959559440613, 0.6035968661308289, 0.5833756327629089, 0.5448558926582336, 0.5312721729278564, 0.522162675857544, 0.5210636258125305, 0.5156456232070923, 0.5278884172439575, 0.5372164845466614, 0.47784313559532166, 0.5019654631614685, 0.5201692581176758, 0.46846500039100647, 0.44399720430374146, 0.43411263823509216, 0.45233169198036194, 0.4470250606536865, 0.41375836730003357, 0.42102399468421936, 0.41548800468444824, 0.4067290723323822, 0.412203848361969, 0.3989119231700897, 0.43010568618774414, 0.4665990471839905, 0.39831435680389404, 0.37324222922325134, 0.37062692642211914, 0.4077688157558441, 0.4012273848056793, 0.40822258591651917, 0.35831397771835327, 0.3431769013404846, 0.3560451567173004, 0.34560835361480713, 0.34103384613990784, 0.354997456073761, 0.3453007936477661, 0.3198081851005554, 0.34079718589782715, 0.31703320145606995, 0.3512837290763855, 0.3647223711013794, 0.3536548912525177, 0.35519739985466003, 0.34248781204223633, 0.31420400738716125, 0.31347453594207764, 0.2932005524635315, 0.3034944236278534, 0.3395940065383911, 0.34580838680267334, 0.32941576838493347, 0.31650233268737793, 0.31572821736335754, 0.29125985503196716, 0.27533358335494995, 0.270185649394989, 0.30123382806777954, 0.28374066948890686, 0.2859192490577698, 0.26176774501800537, 0.26012909412384033, 0.26508933305740356, 0.25607573986053467, 0.244404599070549, 0.25253552198410034, 0.23815442621707916],