{"loss": [69.10052490234375, 41.62565231323242, 40.70991134643555, 40.72997283935547, 40.72676467895508, 40.492919921875, 39.61408615112305, 19.894935607910156, 2.9388885498046875, 1.1208901405334473, 0.764188826084137, 0.6604536771774292, 0.5080179572105408, 0.3847469389438629, 0.385762095451355, 0.2856767475605011, 0.24002568423748016, 0.2537989318370819, 0.22335772216320038, 0.20038831233978271, 0.15454615652561188, 0.15676704049110413, 0.1478235423564911, 0.13210220634937286, 0.1379644274711609, 0.1107017919421196, 0.08695472031831741, 0.08191907405853271, 0.09745491296052933, 0.10388650745153427, 0.09572003781795502, 0.09236229211091995, 0.08117107301950455, 0.09496743977069855, 0.06382352858781815, 0.1256890594959259, 0.1051255464553833, 0.08759061247110367, 0.214327871799469, 0.059505246579647064, 0.07145247608423233, 0.10070262104272842, 0.10416890680789948, 0.05399389937520027, 0.054019104689359665, 0.10200321674346924, 0.06322803348302841, 0.044927433133125305, 0.039576705545186996, 0.04637278988957405, 0.05804045498371124, 0.09823416918516159, 0.05227283388376236, 0.07779153436422348, 0.1107083335518837, 0.4180426299571991, 13.212419509887695, 1.2936556339263916, 0.5955297350883484, 0.4001311957836151, 0.27718257904052734, 0.22942954301834106, 0.22530166804790497, 0.17370246350765228, 0.14596273005008698, 0.12746009230613708, 0.09951663017272949, 0.10313106328248978, 0.08621484786272049, 0.0805751159787178, 0.07528850436210632, 0.07345439493656158, 0.056080162525177, 0.06474298238754272, 0.05443865805864334, 0.06624061614274979, 0.051179755479097366, 0.03849252685904503, 0.036041680723428726, 0.033687494695186615, 0.02884058840572834, 0.028472689911723137, 0.03272264823317528, 0.03186724707484245, 0.039241526275873184, 0.03343357518315315, 0.03167709335684776, 0.030661650002002716, 0.03401273488998413, 0.03495591878890991, 0.030863314867019653, 0.03128655627369881, 0.040721893310546875, 0.03805050626397133, 0.02997468039393425, 0.024084320291876793, 0.02364453673362732, 0.021165281534194946, 0.03055291622877121, 0.031232642009854317], "mean_absolute_error": [6.603671550750732, 5.168229579925537, 5.08804178237915, 5.101715087890625, 5.100377559661865, 5.066567420959473, 4.976192951202393, 3.2711966037750244, 1.225430965423584, 0.7385733127593994, 0.6153452396392822, 0.5901127457618713, 0.5037736296653748, 0.43963703513145447, 0.4586179256439209, 0.3771614730358124, 0.35166704654693604, 0.3680952489376068, 0.34676626324653625, 0.32921841740608215, 0.28799399733543396, 0.2959408760070801, 0.28956660628318787, 0.2739766240119934, 0.2765175402164459, 0.24982240796089172, 0.2199936807155609, 0.21184410154819489, 0.23550330102443695, 0.2457573413848877, 0.236500546336174, 0.22717046737670898, 0.2173677682876587, 0.2357957810163498, 0.19031542539596558, 0.26662442088127136, 0.24708957970142365, 0.22664609551429749, 0.34767910838127136, 0.1842227280139923, 0.2018146961927414, 0.24564896523952484, 0.24615946412086487, 0.17869625985622406, 0.18054845929145813, 0.2457427978515625, 0.19545571506023407, 0.15981143712997437, 0.15296563506126404, 0.16662363708019257, 0.1838349550962448, 0.24218204617500305, 0.17580923438072205, 0.20911440253257751, 0.2560255825519562, 0.41390061378479004, 2.5452558994293213, 0.8127681016921997, 0.5527781248092651, 0.44604265689849854, 0.37131866812705994, 0.3399520814418793, 0.3449690043926239, 0.30148670077323914, 0.27122560143470764, 0.25523945689201355, 0.22356203198432922, 0.22950291633605957, 0.20839256048202515, 0.20100806653499603, 0.19743826985359192, 0.19574151933193207, 0.16898709535598755, 0.18852299451828003, 0.16972213983535767, 0.187179833650589, 0.1648787409067154, 0.14142245054244995, 0.13694006204605103, 0.13240168988704681, 0.12065038084983826, 0.12014222145080566, 0.13334809243679047, 0.13141243159770966, 0.1494922637939453, 0.13318565487861633, 0.133656308054924, 0.13138768076896667, 0.1386539340019226, 0.14145883917808533, 0.13177147507667542, 0.13377465307712555, 0.15234848856925964, 0.14771965146064758, 0.13031847774982452, 0.1160949319601059, 0.11591421067714691, 0.10976763069629669, 0.1321714222431183, 0.13465294241905212], "mean_euclidean_error": [13.403284072875977, 10.631852149963379, 10.505597114562988, 10.509166717529297, 10.5053129196167, 10.479418754577637, 10.326828956604004, 6.711604118347168, 2.522859811782837, 1.5503331422805786, 1.291043996810913, 1.2242103815078735, 1.0498498678207397, 0.9142951369285583, 0.9377449154853821, 0.7882121205329895, 0.7307698726654053, 0.7553846836090088, 0.7155433893203735, 0.6749407649040222, 0.5878034234046936, 0.6024289131164551, 0.58733069896698, 0.5582647919654846, 0.5644067525863647, 0.5066250562667847, 0.4476659595966339, 0.4323054850101471, 0.47650423645973206, 0.4978193938732147, 0.4795372784137726, 0.4645867645740509, 0.4404187798500061, 0.4772872030735016, 0.38669830560684204, 0.5411027669906616, 0.504657506942749, 0.45796579122543335, 0.7137355804443359, 0.37218862771987915, 0.41416433453559875, 0.496315598487854, 0.5011318922042847, 0.36054718494415283, 0.36306032538414, 0.4994325041770935, 0.39430344104766846, 0.32240980863571167, 0.30960357189178467, 0.3362993001937866, 0.3715149462223053, 0.4907170534133911, 0.3567202091217041, 0.4283255636692047, 0.5190392732620239, 0.8534002900123596, 5.087101936340332, 1.6705368757247925, 1.1429834365844727, 0.9303137063980103, 0.774385392665863, 0.7027547359466553, 0.7127590179443359, 0.6191662549972534, 0.5635346174240112, 0.5272396802902222, 0.4618978202342987, 0.4762619435787201, 0.43178391456604004, 0.41855576634407043, 0.4058130979537964, 0.40479469299316406, 0.3480396866798401, 0.38544201850891113, 0.3455962836742401, 0.38334953784942627, 0.33862540125846863, 0.289617121219635, 0.28119388222694397, 0.2697906196117401, 0.24730437994003296, 0.24620197713375092, 0.2713136076927185, 0.2681070864200592, 0.30361178517341614, 0.2735641896724701, 0.2714272737503052, 0.2674848437309265, 0.2810838222503662, 0.28625935316085815, 0.26821956038475037, 0.2718382775783539, 0.310447633266449, 0.3017711341381073, 0.26545605063438416, 0.23564226925373077, 0.23593422770500183, 0.22199882566928864, 0.2706787884235382, 0.2734805643558502],