{"loss": [22.013208389282227, 3.0234148502349854, 1.4430172443389893, 0.9674023985862732, 0.7934268116950989, 0.5778800845146179, 0.5008494257926941, 0.43896564841270447, 0.3821168541908264, 0.332275390625, 0.2959872782230377, 0.28771594166755676, 0.25340914726257324, 0.2312326431274414, 0.2168683409690857, 0.20703549683094025, 0.1969643533229828, 0.1891111582517624, 0.15567760169506073, 0.15491105616092682, 0.1367800384759903, 0.12607020139694214, 0.11527436971664429, 0.11824336647987366, 0.10976343601942062, 0.09560348838567734, 0.11294087022542953, 0.09776777774095535, 0.09421049058437347, 0.07956381887197495, 0.07018254697322845, 0.07382649183273315, 0.07499075680971146, 0.06550461053848267, 0.05958541855216026, 0.07611458748579025, 0.06267168372869492, 0.055642835795879364, 0.059467729181051254, 0.04963326454162598, 0.049304261803627014, 0.04150788113474846, 0.039452340453863144, 0.04273034259676933, 0.043986495584249496, 0.03945711627602577, 0.03425944969058037, 0.03840155899524689, 0.04908772557973862, 0.03258590027689934, 0.024790994822978973, 0.0308053158223629, 0.025825653225183487, 0.03247374668717384, 0.026189060881733894, 0.025420432910323143, 0.024326801300048828, 0.027553768828511238, 0.023735379800200462, 0.030016625300049782, 0.03352149948477745, 0.024048691615462303, 0.020936619490385056, 0.0325482152402401, 0.025757912546396255, 0.02321362867951393, 0.02888662926852703, 0.024173136800527573, 0.03223901242017746, 0.029769698157906532, 0.020802592858672142, 0.02150346338748932, 0.0167897529900074, 0.021772457286715508, 0.0192624069750309, 0.026488523930311203, 0.01701229065656662, 0.02943410538136959, 0.025763781741261482, 0.03501103073358536, 0.02754579670727253, 0.02640274167060852, 0.028333652764558792, 0.061337824910879135, 0.03415261209011078, 0.028275949880480766, 0.02444479428231716, 0.01831347495317459, 0.023168321698904037, 0.02120988443493843, 0.02193000167608261, 0.024849729612469673, 0.03115336038172245, 0.020929552614688873, 0.02575046382844448, 0.05221784487366676, 0.04168475791811943, 0.042616695165634155, 0.06685478985309601, 0.0451076366007328], "mean_absolute_error": [3.34136962890625, 1.1633087396621704, 0.7905511856079102, 0.652888834476471, 0.6049015522003174, 0.49363765120506287, 0.45420151948928833, 0.4343407154083252, 0.39725375175476074, 0.37177520990371704, 0.3457803428173065, 0.33997800946235657, 0.3202093541622162, 0.3081434667110443, 0.30432167649269104, 0.29443663358688354, 0.2837785482406616, 0.28223109245300293, 0.25075000524520874, 0.25009533762931824, 0.2503465414047241, 0.23298931121826172, 0.22181466221809387, 0.22289007902145386, 0.21628083288669586, 0.20578624308109283, 0.23597583174705505, 0.2098192572593689, 0.20837561786174774, 0.189618319272995, 0.17686451971530914, 0.18136858940124512, 0.1869903802871704, 0.17360816895961761, 0.16271445155143738, 0.1938672512769699, 0.17789874970912933, 0.1661510318517685, 0.16811217367649078, 0.15222014486789703, 0.14921920001506805, 0.1379334032535553, 0.13920509815216064, 0.14816737174987793, 0.14018455147743225, 0.13984468579292297, 0.12721960246562958, 0.13775070011615753, 0.16155102849006653, 0.129214346408844, 0.11038358509540558, 0.12273117899894714, 0.11158396303653717, 0.1260717809200287, 0.11868350952863693, 0.110074482858181, 0.1120145320892334, 0.11787686496973038, 0.1123189851641655, 0.13085566461086273, 0.13476713001728058, 0.1115463599562645, 0.10169700533151627, 0.1262248307466507, 0.11530215293169022, 0.11461305618286133, 0.12187366932630539, 0.10951811075210571, 0.13951101899147034, 0.12609758973121643, 0.10719991475343704, 0.10799064487218857, 0.09510953724384308, 0.10821279138326645, 0.10566330701112747, 0.12215075641870499, 0.09685824811458588, 0.13140006363391876, 0.12383594363927841, 0.14411553740501404, 0.12757854163646698, 0.12696212530136108, 0.13042138516902924, 0.18259882926940918, 0.14403179287910461, 0.13044172525405884, 0.12456335872411728, 0.10713415592908859, 0.11462770402431488, 0.1151183471083641, 0.11524514108896255, 0.11773116141557693, 0.13247983157634735, 0.11303427070379257, 0.12257175892591476, 0.1762102097272873, 0.1578541249036789, 0.16599847376346588, 0.20647552609443665, 0.15871720016002655], "mean_euclidean_error": [6.808746814727783, 2.468451738357544, 1.6686311960220337, 1.3711984157562256, 1.261919379234314, 1.0431734323501587, 0.9623897075653076, 0.9163818955421448, 0.844011664390564, 0.7867430448532104, 0.735592246055603, 0.7300273180007935, 0.6866595149040222, 0.6607393026351929, 0.6482018232345581, 0.6323973536491394, 0.6136230826377869, 0.6098623275756836, 0.5384789109230042, 0.5392946004867554, 0.5270872116088867, 0.4949572682380676, 0.47176775336265564, 0.48076343536376953, 0.46613210439682007, 0.43772876262664795, 0.49897274374961853, 0.44898292422294617, 0.4439428150653839, 0.403067946434021, 0.3781590461730957, 0.3874814212322235, 0.3973158597946167, 0.37088972330093384, 0.35062867403030396, 0.41668322682380676, 0.37428948283195496, 0.3513779044151306, 0.3586479723453522, 0.3271567225456238, 0.32465311884880066, 0.29553675651550293, 0.294426292181015, 0.3138428330421448, 0.30544957518577576, 0.2965737283229828, 0.2732507288455963, 0.2945933938026428, 0.34383562207221985, 0.27130115032196045, 0.23337195813655853, 0.2627345323562622, 0.23864372074604034, 0.2718393802642822, 0.24757927656173706, 0.23736082017421722, 0.2347555160522461, 0.25154247879981995, 0.23683135211467743, 0.2711820900440216, 0.28614774346351624, 0.23507419228553772, 0.21697159111499786, 0.27399328351020813, 0.24507640302181244, 0.23657934367656708, 0.2615727484226227, 0.23428520560264587, 0.28349703550338745, 0.2660246193408966, 0.22127418220043182, 0.22670972347259521, 0.20029357075691223, 0.22706326842308044, 0.21738199889659882, 0.25320738554000854, 0.2005060613155365, 0.2653820216655731, 0.24861806631088257, 0.29461169242858887, 0.25878816843032837, 0.25412365794181824, 0.26367437839508057, 0.3860231637954712, 0.2923068404197693, 0.26367080211639404, 0.24972109496593475, 0.21357771754264832, 0.23584869503974915, 0.22926242649555206, 0.23196806013584137, 0.24394716322422028, 0.274886816740036, 0.22863267362117767, 0.25000500679016113, 0.3552091717720032, 0.31224992871284485, 0.32758328318595886, 0.40379977226257324, 0.3229769766330719],