{"loss": [225557888.0, 96.44927978515625, 48.53504943847656, 43.47854232788086, 40.634498596191406, 40.51450729370117, 40.271263122558594, 40.326839447021484, 40.137176513671875, 40.044654846191406, 40.15985107421875, 40.442100524902344, 39.976802825927734, 39.93833923339844, 39.844757080078125, 40.32298278808594, 40.24031066894531, 40.18309783935547, 40.46808624267578, 40.076541900634766, 40.636940002441406, 40.69563293457031, 40.55801773071289, 40.36472702026367, 40.30854415893555, 40.33538055419922, 41.457149505615234, 41.15647888183594, 40.4282112121582, 40.56296157836914, 39.92080307006836, 40.34934997558594, 40.62564468383789, 40.047279357910156, 39.86239242553711, 39.96002960205078, 40.21925354003906, 40.293426513671875, 40.11750793457031, 39.902992248535156, 40.10123062133789, 39.704261779785156, 39.925880432128906, 39.899810791015625, 39.88890838623047, 40.082130432128906, 40.219085693359375, 40.60090637207031, 40.299190521240234, 40.0484733581543, 40.219390869140625, 39.94389343261719, 39.75411605834961, 39.839298248291016, 39.97733688354492, 39.957977294921875, 40.46663284301758, 39.96256637573242, 39.98107147216797, 40.044498443603516, 39.876216888427734, 39.951927185058594, 40.555660247802734, 39.91459655761719, 40.32838821411133, 40.634742736816406, 39.75592803955078, 40.00174331665039, 39.889373779296875, 39.96865463256836, 40.54794692993164, 39.855709075927734, 39.738895416259766, 39.91314697265625, 39.99528503417969, 39.98124313354492, 39.909698486328125, 39.89487075805664, 39.840415954589844, 40.06692886352539, 40.207454681396484, 40.09712600708008, 40.36906051635742, 40.09004211425781, 39.73475646972656, 39.802669525146484, 40.39607238769531, 40.36775588989258, 39.89091110229492, 39.83332824707031, 39.98384475708008, 40.12587356567383, 39.93601608276367, 40.22854995727539, 40.02949142456055, 39.87100601196289, 39.8040771484375, 39.91483688354492, 40.19811248779297, 39.97442626953125], "mean_absolute_error": [2176.547119140625, 8.045958518981934, 5.717110633850098, 5.3525614738464355, 5.094313621520996, 5.059287071228027, 5.0180344581604, 5.064011573791504, 5.028239727020264, 4.998537540435791, 5.00478982925415, 5.029201030731201, 5.007838726043701, 5.007452487945557, 4.989684581756592, 5.025295734405518, 5.034954071044922, 5.005204677581787, 5.0833516120910645, 5.032089710235596, 5.03231143951416, 5.035219192504883, 5.056835651397705, 5.046261310577393, 5.065700054168701, 5.031628608703613, 5.1255059242248535, 5.1256208419799805, 5.045585632324219, 5.058529376983643, 5.004584789276123, 5.034046649932861, 5.079000949859619, 4.999724388122559, 4.9957990646362305, 5.008718490600586, 5.023560047149658, 5.045557975769043, 5.026839733123779, 5.019496917724609, 5.037586212158203, 4.978973388671875, 4.999510288238525, 5.01197624206543, 5.00193452835083, 5.0259108543396, 5.014308929443359, 5.035734176635742, 5.0524773597717285, 5.010371685028076, 5.057733058929443, 5.019893646240234, 4.988529205322266, 4.989640712738037, 5.018136978149414, 5.021805763244629, 5.081606864929199, 5.039022922515869, 5.014415264129639, 5.001328945159912, 5.0088348388671875, 5.006072998046875, 5.049961090087891, 4.9901580810546875, 5.028296947479248, 5.087398052215576, 4.994394779205322, 4.999011516571045, 5.000577926635742, 5.017375946044922, 5.09527587890625, 5.0080413818359375, 4.995981693267822, 5.003719329833984, 5.03026819229126, 5.01701545715332, 5.004275798797607, 5.004913330078125, 4.994710445404053, 5.0227532386779785, 5.041404724121094, 5.008544921875, 5.049015998840332, 5.023958206176758, 4.992083549499512, 5.0102996826171875, 5.059224605560303, 5.070821762084961, 5.008930206298828, 4.99746036529541, 5.007308006286621, 5.028497695922852, 5.004119396209717, 5.0704498291015625, 5.019132137298584, 4.995244979858398, 4.983883857727051, 5.012357234954834, 5.032949447631836, 5.016743183135986], "mean_euclidean_error": [5041.70654296875, 15.975950241088867, 11.4371919631958, 10.875797271728516, 10.452909469604492, 10.464090347290039, 10.387552261352539, 10.463529586791992, 10.42906379699707, 10.40695858001709, 10.382447242736816, 10.456588745117188, 10.401712417602539, 10.3965425491333, 10.3827543258667, 10.424403190612793, 10.454811096191406, 10.411616325378418, 10.457956314086914, 10.404224395751953, 10.472628593444824, 10.498307228088379, 10.451810836791992, 10.452888488769531, 10.465253829956055, 10.428322792053223, 10.56165599822998, 10.579288482666016, 10.43606185913086, 10.485177040100098, 10.380629539489746, 10.441225051879883, 10.490799903869629, 10.433758735656738, 10.39193058013916, 10.407678604125977, 10.443925857543945, 10.441905975341797, 10.38473892211914, 10.392735481262207, 10.449381828308105, 10.353766441345215, 10.387080192565918, 10.387885093688965, 10.365077018737793, 10.418144226074219, 10.431944847106934, 10.450555801391602, 10.471940994262695, 10.408308029174805, 10.43822956085205, 10.412495613098145, 10.372532844543457, 10.375641822814941, 10.404837608337402, 10.426616668701172, 10.481730461120605, 10.380059242248535, 10.376740455627441, 10.406476020812988, 10.372843742370605, 10.407787322998047, 10.485397338867188, 10.364359855651855, 10.460785865783691, 10.5057954788208, 10.345480918884277, 10.38726806640625, 10.400910377502441, 10.382259368896484, 10.485832214355469, 10.411386489868164, 10.377705574035645, 10.401342391967773, 10.406938552856445, 10.392067909240723, 10.381834030151367, 10.389531135559082, 10.375524520874023, 10.437959671020508, 10.405518531799316, 10.40510368347168, 10.457860946655273, 10.414347648620605, 10.363369941711426, 10.397046089172363, 10.47362995147705, 10.478962898254395, 10.39985466003418, 10.366394996643066, 10.395663261413574, 10.432639122009277, 10.371410369873047, 10.451018333435059, 10.430380821228027, 10.379886627197266, 10.364285469055176, 10.387048721313477, 10.428922653198242, 10.400606155395508], "val_loss": [61.96804428100586, 60.566654205322266, 46.8346061706543, 47.66306686401367, 45.48005294799805, 46.29198455810547, 45.570194244384766, 45.84231185913086, 46.11427307128906, 45.54796600341797, 45.89968490600586, 45.489261627197266, 46.99869155883789, 45.52670669555664, 46.178688049316406, 45.536170959472656, 45.66781234741211, 45.695682525634766, 46.041770935058594, 45.65839385986328, 46.213436126708984, 45.44484329223633, 46.599388122558594, 45.917213439941406, 46.068519592285156, 46.44675064086914, 46.82257080078125, 46.175331115722656, 45.393104553222656, 46.47934341430664, 45.4626579284668, 45.73199462890625, 45.786624908447266, 45.847904205322266, 46.00839614868164, 45.93413543701172, 45.66494369506836, 46.595394134521484, 45.73926544189453, 45.756717681884766, 45.83956527709961, 46.029747009277344, 45.5964241027832, 45.81964874267578, 45.94037628173828, 45.51258087158203, 45.76430130004883, 46.40770721435547, 45.71441650390625, 45.842952728271484, 46.19672393798828, 46.00448989868164, 45.988983154296875, 45.78118896484375, 45.7625617980957, 46.215824127197266, 46.006500244140625, 45.94729232788086, 45.8983154296875, 45.90024185180664, 45.699161529541016, 45.508460998535156, 46.66516876220703, 45.34004592895508, 45.65757751464844, 46.47863006591797, 45.61896896362305, 45.67765808105469, 45.654022216796875, 46.578495025634766, 45.680782318115234, 46.18640899658203, 45.96228790283203, 46.06671905517578, 45.881500244140625, 45.861568450927734, 46.03570556640625, 45.70257568359375, 46.27289581298828, 46.60478591918945, 45.72086715698242, 45.475181579589844, 46.183345794677734, 45.7468376159668, 46.26106643676758, 46.101715087890625, 48.091617584228516, 45.83359146118164, 46.026466369628906, 45.848209381103516, 45.75067138671875, 45.59593963623047, 46.44410705566406, 45.94650650024414, 45.910369873046875, 46.07143783569336, 45.64955520629883, 45.73390579223633, 46.11933517456055, 45.54975128173828],