{"loss": [62.19472122192383, 28.528364181518555, 16.160335540771484, 11.49516487121582, 8.093222618103027, 6.146705150604248, 5.341634750366211, 4.510307788848877, 3.873960256576538, 3.442959785461426, 3.197805643081665, 2.5501842498779297, 2.5296790599823, 2.2185747623443604, 2.4167935848236084, 2.661630153656006, 1.9646942615509033, 1.9342786073684692, 1.7037746906280518, 1.5488826036453247, 1.6350970268249512, 1.3309037685394287, 1.2528212070465088, 1.3451637029647827, 1.0939022302627563, 1.219386339187622, 1.4022552967071533, 1.537146806716919, 1.0047119855880737, 1.015863299369812, 1.0271121263504028, 0.963473916053772, 0.888397216796875, 1.0126219987869263, 1.2349040508270264, 1.023240089416504, 1.0332425832748413, 1.0015650987625122, 0.8451325297355652, 0.7401926517486572, 1.121812105178833, 0.9609967470169067, 1.1683335304260254, 0.8915695548057556, 0.7692552208900452, 0.6494104266166687, 0.6539334654808044, 0.5980350375175476, 0.6547130346298218, 0.6550623774528503, 0.6227275729179382, 0.7935336828231812, 0.6673585772514343, 0.6304926872253418, 0.6099501848220825, 0.6161977052688599, 0.646694540977478, 0.4753691852092743, 0.4196828007698059, 0.5447579026222229, 0.5787294507026672, 0.5674350261688232, 0.4396013915538788, 0.40326398611068726, 0.5117793083190918, 0.48291075229644775, 0.4583324193954468, 0.372322678565979, 0.4657210111618042, 0.4226722717285156, 0.44322165846824646, 0.45414620637893677, 0.4395330548286438, 0.42381808161735535, 0.3402089476585388, 0.39174091815948486, 0.2741657793521881, 0.30218374729156494, 0.3349476754665375, 0.3087047040462494, 0.4348863363265991, 0.35296690464019775, 0.36860963702201843, 0.38818177580833435, 0.368488073348999, 0.3322981297969818, 0.306098997592926, 0.36405524611473083, 0.4298974573612213, 0.38885077834129333, 0.3170594573020935, 0.36540621519088745, 0.36580291390419006, 0.3034764230251312, 0.2828499972820282, 0.30287909507751465, 0.3126105070114136, 0.30194246768951416, 0.3680250942707062, 0.2711900770664215], "mean_absolute_error": [6.253006935119629, 4.1593828201293945, 2.9929144382476807, 2.4851317405700684, 2.0223910808563232, 1.656858205795288, 1.4840128421783447, 1.374164342880249, 1.225753903388977, 1.1160463094711304, 1.054861068725586, 0.9606610536575317, 0.9348127841949463, 0.8914733529090881, 0.9071962237358093, 0.9234414100646973, 0.8260115385055542, 0.8348773121833801, 0.7764483094215393, 0.7543570399284363, 0.7455863952636719, 0.6587409973144531, 0.653294563293457, 0.6652921438217163, 0.6269407272338867, 0.6451534032821655, 0.6732434034347534, 0.6862429976463318, 0.5936753749847412, 0.5705171823501587, 0.5731661915779114, 0.5505650639533997, 0.5447268486022949, 0.5753922462463379, 0.6037454605102539, 0.5774486660957336, 0.6006771922111511, 0.5700433254241943, 0.5245574712753296, 0.509594738483429, 0.5775002241134644, 0.5352820754051208, 0.5864615440368652, 0.5512695908546448, 0.4928695261478424, 0.4814632534980774, 0.4781031906604767, 0.466104656457901, 0.4652855694293976, 0.47305312752723694, 0.465299129486084, 0.5010542273521423, 0.4900404214859009, 0.4663108289241791, 0.45684605836868286, 0.45711812376976013, 0.4751473069190979, 0.4271731376647949, 0.385233998298645, 0.41983264684677124, 0.43710440397262573, 0.42555496096611023, 0.3863973915576935, 0.3889976143836975, 0.3990040719509125, 0.4219922423362732, 0.37776172161102295, 0.36760830879211426, 0.4144219160079956, 0.38661113381385803, 0.39427074790000916, 0.4083777666091919, 0.4026417136192322, 0.3812788724899292, 0.34583449363708496, 0.3545973002910614, 0.3210773468017578, 0.3323184549808502, 0.34532105922698975, 0.3279739022254944, 0.39258283376693726, 0.36328646540641785, 0.3723929524421692, 0.3652426600456238, 0.3530772030353546, 0.3452909290790558, 0.33048397302627563, 0.35284483432769775, 0.36905694007873535, 0.3677917718887329, 0.34162792563438416, 0.35789579153060913, 0.3477451801300049, 0.32838374376296997, 0.3388250768184662, 0.3285582661628723, 0.32853594422340393, 0.3315123915672302, 0.3485443890094757, 0.32193586230278015], "mean_euclidean_error": [12.62017822265625, 8.347805976867676, 6.481151103973389, 5.166775703430176, 4.339865207672119, 3.6352384090423584, 3.3018338680267334, 3.100067615509033, 2.7765653133392334, 2.5283639430999756, 2.392914295196533, 2.173844575881958, 2.167015552520752, 2.0710110664367676, 2.0654289722442627, 2.1077516078948975, 1.8811856508255005, 1.8776402473449707, 1.7580959796905518, 1.7092710733413696, 1.6989898681640625, 1.4977154731750488, 1.4818540811538696, 1.5004843473434448, 1.4179028272628784, 1.472544550895691, 1.5557286739349365, 1.5993911027908325, 1.3528426885604858, 1.3120790719985962, 1.3321040868759155, 1.2561177015304565, 1.2587742805480957, 1.3157808780670166, 1.3855384588241577, 1.341280221939087, 1.3902889490127563, 1.303605079650879, 1.1948566436767578, 1.1624081134796143, 1.3602889776229858, 1.2358077764511108, 1.3733937740325928, 1.288589596748352, 1.1443666219711304, 1.1060845851898193, 1.0954936742782593, 1.061997890472412, 1.046838641166687, 1.107356309890747, 1.066346526145935, 1.1784305572509766, 1.1234534978866577, 1.0662877559661865, 1.0549614429473877, 1.0434898138046265, 1.068103551864624, 0.9710928201675415, 0.8849663138389587, 0.9680745601654053, 1.0086188316345215, 0.9880834221839905, 0.8798092603683472, 0.8705597519874573, 0.9204120635986328, 0.9559259414672852, 0.8566657900810242, 0.836372971534729, 0.9250633120536804, 0.8734320998191833, 0.8967218399047852, 0.9362404346466064, 0.9171688556671143, 0.8729084134101868, 0.7830782532691956, 0.8188980221748352, 0.7257133722305298, 0.7662916779518127, 0.7993910312652588, 0.7407008409500122, 0.8881600499153137, 0.8307368159294128, 0.8637311458587646, 0.8208550214767456, 0.8106173276901245, 0.7878687381744385, 0.7654504776000977, 0.8142049908638, 0.8741754293441772, 0.8426382541656494, 0.7899500727653503, 0.8264444470405579, 0.8210381865501404, 0.7575395703315735, 0.7588867545127869, 0.7530241012573242, 0.7594624161720276, 0.7577942609786987, 0.7968922257423401, 0.7360273599624634],